,loss,val_loss,acc,val_acc
0,0.00900911651141046,0.05129174874028701,0.14032859212294888,0.11771680381361062
