,loss,val_loss,acc,val_acc
0,0.007852029337700572,0.1626939381761647,0.5022532644120489,0.48034024027055744
1,0.0075564745544062055,0.16669500894996112,0.4995070956294845,0.519885080093841
