,loss,val_loss,acc,val_acc
0,0.016566437844827503,0.15484621603634977,0.16953828965464757,0.15275901032460704
1,0.016648015791213618,0.20109191422690512,0.16240146484326673,0.15343468671513572
