,loss,val_loss,acc,val_acc
0,0.007281040567193031,0.42024189583642035,2.8153153572667827e-05,0.0
