,loss,val_loss,acc,val_acc
0,0.004598705477236425,0.11997995856397181,0.5018473601083032,0.5138199458483754
1,0.004233817052441829,0.07775096717891149,0.5038498420577617,0.5166403429602888
