,loss,val_loss,acc,val_acc
0,0.00019770583993348914,0.45847456020990074,1.407182258246088e-05,5.628729032984352e-05
