,loss,val_loss,acc,val_acc
0,0.0013903486563243436,0.4477563586366618,1.4076576576576577e-05,5.630630630630631e-05
