,loss,val_loss,acc,val_acc
0,0.0064212263121294815,0.30617053223623597,0.34214527027027025,0.39386261261261263
1,0.005880879392548974,0.31399361874851606,0.3439893018018018,0.26047297297297295
