,loss,val_loss,acc,val_acc
0,0.0029167090921778534,0.012551760687381416,0.2438374323104693,0.28356272563176893
1,0.0008937623983467925,0.008157023938570469,0.256444607400722,0.30127481949458484
