,loss,val_loss,acc,val_acc
0,0.0003664098379915507,0.47662278017437676,0.17311161217587373,0.18320180383314544
1,0.0003524529815591934,0.4959036408288009,0.17405580608793686,0.1543968432919955
