,loss,val_loss,acc,val_acc
0,0.011518004616952673,0.209371861324332,1.4076576786333913e-05,0.0
1,0.009078614140267123,0.2469235543655347,1.4076576786333913e-05,0.0
