,loss,val_loss,acc,val_acc
0,0.005416218750130676,0.24982236031142863,0.5027027027027027,0.5177364864864865
1,0.013178800163939951,0.28373950839149986,0.5018158783783784,0.5177364864864865
