,loss,val_loss,acc,val_acc
0,0.0002502022273426863,0.45636290947975205,0.4941595361405089,0.5202657059220896
1,0.00012425802516931826,0.4561707819094055,0.49489135329880657,0.5202657059220896
