,loss,val_loss,acc,val_acc
0,0.0027071803406708127,0.00703437070917344,0.49844878158844763,0.49091832129963897
1,0.0010292535647181877,0.004060759923072756,0.5004371615523465,0.515625
