,loss,val_loss,acc,val_acc
0,0.0034974449870681275,0.3285132174671424,0.4986627252252252,0.48947072072072073
1,0.004678488059728291,0.25266836923819774,0.5008164414414414,0.5211148648648649
