,loss,val_loss,acc,val_acc
0,0.0019162792291673532,0.11268680356946346,0.24905686936936938,0.28096846846846846
1,0.0014420528736557136,0.051482224431301064,0.24870495495495495,0.30518018018018017
