,loss,val_loss,acc,val_acc
0,0.0028811134513919544,0.09254283387172518,0.267286036036036,0.2948198198198198
1,0.0042476093850792,0.054974763062637065,0.2648648648648649,0.31030405405405403
