,loss,val_loss,acc,val_acc
0,0.003128666789652843,0.2580770715533429,2.8153153153153154e-05,0.0
