,loss,val_loss,acc,val_acc
0,0.0036889735544890926,0.006492204741477286,0.170016892037883,0.1881193691814268
1,0.0009920154739661115,0.005199759249591955,0.1703828829063757,0.20135135090834386
