,loss,val_loss,acc,val_acc
0,0.009214115617172523,0.014874412304682968,0.4998726222826087,0.4919610507246377
1,0.0027839558419330297,0.006368819951445482,0.49806102807971014,0.49467844202898553
