,loss,val_loss,acc,val_acc
0,0.0002588843824941261,0.4543004365701131,0.17049420240909602,0.18434087583023753
1,0.00014228536000907867,0.45478899094076186,0.17727682089384217,0.18518518518518517
