,loss,val_loss,acc,val_acc
0,0.010735946385798075,0.07440323757875697,0.2540865385576206,0.2834276004749186
1,0.0042351488645823235,0.011136047222637845,0.2554157242178917,0.24061085941160426
