,loss,val_loss,acc,val_acc
0,0.0033331296216723397,0.07978838045189547,0.3328068592057762,0.2762861010830325
1,0.0014765061266799858,0.0037459189849806908,0.33612082581227437,0.3781024368231047
