,loss,val_loss,acc,val_acc
0,0.0010580965476822872,0.39305144430181993,0.24887387387387389,0.19966216216216215
1,0.0010200788707172726,0.315568046404697,0.26313344594594595,0.30591216216216216
