,loss,val_loss,acc,val_acc
0,0.004783925374860884,0.10313971587418938,0.32547382671480146,0.36631317689530685
1,0.012592742083661866,0.35564721017590106,0.3459358077617328,0.34724729241877256
