,loss,val_loss,acc,val_acc
0,0.0062376561403969235,0.0033941234683299917,0.24728260869565216,0.28475996376811596
1,0.0012675799600823455,0.00664806896848081,0.251754981884058,0.21478713768115942
