,loss,val_loss,acc,val_acc
0,0.0029957445084642376,0.07664945267753621,0.3353875225631769,0.3541854693140794
1,0.001509956233240579,0.004277279452722947,0.33046592960288806,0.3681746389891697
