,loss,val_loss,acc,val_acc
0,0.013380351163505111,0.0892027629854873,0.49828747735507245,0.4930366847826087
1,0.01748983519280665,0.06921504544384399,0.4985988451086957,0.5027740036231884
