,loss,val_loss,acc,val_acc
0,0.009064070134262945,0.09750731344536932,0.3313120487364621,0.3562725631768953
1,0.007632768563915319,0.11136881719950237,0.32754681859205775,0.3611236462093863
