,loss,val_loss,acc,val_acc
0,0.0026525457894556906,0.027823548131796366,1.4101985559566788e-05,5.640794223826715e-05
