,loss,val_loss,acc,val_acc
0,0.0004806120381047801,0.44653750574722423,0.18577180830095175,0.23140170073773722
1,0.00037894554642918743,0.46080794421051835,0.1879962831559385,0.23140170073773722
