,loss,val_loss,acc,val_acc
0,0.0015611677363133799,0.15451483233179397,0.12707018927444794,0.1451667417755746
1,0.001276130247589653,0.09680848035864101,0.1648546642631816,0.20651194231635872
