,loss,val_loss,acc,val_acc
0,0.0014709402557236736,0.05633981955257646,2.8153153153153154e-05,0.0
