,loss,val_loss,acc,val_acc
0,0.0010830835539773732,0.2971681258819477,2.8153153153153154e-05,0.0
