,loss,val_loss,acc,val_acc
0,0.005939331046877808,0.3515293246428088,0.5006615990990991,0.5069256756756757
1,0.003221134714470093,0.4030883995084976,0.4986908783783784,0.5168355855855856
