,loss,val_loss,acc,val_acc
0,0.0019471697792968175,0.08507518122233042,0.49659346846846847,0.5166666666666667
1,0.0019626514314356287,0.0711838052846131,0.4990427927927928,0.5169481981981981
