,loss,val_loss,acc,val_acc
0,0.0002641455381023587,0.46345620935614124,0.49143074238757245,0.508639612765239
1,0.00013539878223601043,0.47796186046037364,0.4927252771993021,0.5128046378116733
