,loss,val_loss,acc,val_acc
0,0.005048985293915789,0.008130184630040869,0.5012737771739131,0.507416213768116
1,0.0029507492299276432,0.01084602537604582,0.5023069519927537,0.5019814311594203
