,loss,val_loss,acc,val_acc
0,0.0024532122675402,0.030353503268117938,0.4999153880866426,0.4865749097472924
1,0.001056930231499417,0.006870859702659524,0.49856159747292417,0.5093073104693141
