,loss,val_loss,acc,val_acc
0,0.0010092306744082966,0.3554970894895231,2.8153153153153154e-05,0.0
1,0.0008899719563039489,0.3293228589582287,2.8153153153153154e-05,0.0
