,loss,val_loss,acc,val_acc
0,0.0005719491584925805,0.00012322540117057433,0.4983812084128904,0.4993806450841697
1,0.0005558104535654169,9.0611533690955e-05,0.5017032806660879,0.5101914564776864
2,0.0005527711224991939,0.00019331489269773855,0.5009994515110865,0.511542808151225
3,0.0005452088625156188,4.8937912068911034e-05,0.5011683705316328,0.48141893259299967
4,0.00054421061007803,5.1058054371975616e-05,0.5009572219506309,0.48434686113929226
