,loss,val_loss,acc,val_acc
0,0.001853201388420579,0.0004165161768635182,0.49843751465605973,0.5025337985968469
1,0.001150468960003235,0.00019208708523147047,0.5001548571619079,0.5185810967373687
2,0.0009530477616946169,0.0003571355720714257,0.4980715236003586,0.5127815470300816
3,0.0008135446698201417,0.00029727097136053067,0.5003378525143489,0.4945946088362787
4,0.0007531341783663794,0.00021741356793978793,0.49925395589938537,0.48141893259299967
5,0.0007028193341772896,0.00012109234803321019,0.5030968616326416,0.5092342493275331
