,loss,val_loss,acc,val_acc
0,0.026621386353617087,0.0031052894287489953,0.31011647698235456,0.32252775914747744
1,0.018184291383888225,0.005457962721409569,0.3177679327118796,0.30078619867352263
2,0.018242060210843916,0.0011827660042473263,0.314704870207423,0.31345480289142263
