,loss,val_loss,acc,val_acc
0,0.15133281650917263,0.1387120890839267,0.5822747644666281,0.6643668462391096
1,0.131013916550972,0.11862675810833333,0.6522417768413054,0.6829298370862646
2,0.11278158429810596,0.09804349868120077,0.6721984266111691,0.7011293567866503
3,0.09529125372954332,0.07984127383639332,0.674175957029732,0.708554553124429
4,0.08021200622904934,0.06552165147755086,0.6748581618466162,0.7030700331010631
5,0.06798378426291675,0.05628480331044115,0.6714859975302458,0.6935678587662699
6,0.05896890385491088,0.04680140779088013,0.6715464460583241,0.6913935224256456
