,loss,val_loss,acc,val_acc
0,0.010230334108425653,0.06933485476309721,0.2551647068298969,0.1792042525773196
1,0.004286748740436376,0.013740002505917651,0.24542928479381443,0.24238885309278352
2,0.003669085730385613,0.03693002200400104,0.2545505798969072,0.34495811855670105
3,0.003750079062636772,0.05754439800872093,0.25615133698453607,0.34600515463917525
4,0.00468054307887626,0.06078593173841694,0.24907377577319587,0.28753221649484534
5,0.005791819866720561,0.0766305615723224,0.23811009987113402,0.2940560567010309
6,0.01204127585811669,0.1379326390203469,0.24059681056701032,0.35816688144329895
