,loss,val_loss,acc,val_acc
0,0.0010217454968893958,0.00026027789106772796,0.24622747747747747,0.23885135135135135
