,loss,val_loss,acc,val_acc
0,0.001571334553640757,0.4738826906935788,0.14857826576576577,0.22967342342342342
1,0.0010641510951461288,0.4579941369960448,0.15057713963963965,0.2322072072072072
