,loss,val_loss,acc,val_acc
0,0.0041754858477939145,0.00162916251471151,0.2567830550541516,0.3101308664259928
1,0.0004607100679476182,0.02743537848473746,0.2573048285198556,0.20233528880866425
