,loss,val_loss,acc,val_acc
0,0.0070480026986429155,0.18920674452655664,1.4101985559566788e-05,0.0
