,loss,val_loss,acc,val_acc
0,0.0001986853587528377,0.45271385980059087,0.49534222672520545,0.513677811550152
1,9.825795945983396e-05,0.4580838258801349,0.4988461105482382,0.5137903861308116
