,loss,val_loss,acc,val_acc
0,0.006553187944179039,0.23500491008512375,1.4101985559566788e-05,0.0
