,loss,val_loss,acc,val_acc
0,0.0011035913182976,0.031023788160852852,0.5010698198198198,0.513795045045045
1,0.0010883101592782196,0.027960228909311505,0.5018158783783784,0.5138513513513514
