,loss,val_loss,acc,val_acc
0,0.012300662861230523,0.1328664539007308,0.5023635643115942,0.5031136775362319
1,0.028346850801650704,0.14443359331335817,0.5010756340579711,0.5149456521739131
