,loss,val_loss,acc,val_acc
0,0.004071094063389561,0.1936676876447457,0.5001829954954955,0.5191441441441441
1,0.004609113835100321,0.0875960848446076,0.5010275900900901,0.5125563063063063
