,loss,val_loss,acc,val_acc
0,0.0009802819102520991,0.0031101375846486444,0.2071869335360015,0.2796082429425872
1,0.0012695953135374546,0.003318445486021791,0.20335144923149567,0.2746829716893642
