,loss,val_loss,acc,val_acc
0,0.0019378852421079893,0.06125541384277345,0.20465934753254358,0.18192567669593537
1,0.018030404499383236,0.2731860928488786,0.1998029287132594,0.16565315423298393
