,loss,val_loss,acc,val_acc
0,0.013254987443375521,0.02340804613670959,0.2013888894958891,0.1750225845451762
1,0.0010126967800767406,0.002529646751462109,0.19540424606709825,0.23475609853015683
