,loss,val_loss,acc,val_acc
0,0.004635892778559217,0.1734127513217548,0.25026745541726014,0.29943693723227527
1,0.003586378508060915,0.2728746322972379,0.2518581086719358,0.252252252903339
