,loss,val_loss,acc,val_acc
0,0.015036646326788125,0.08883262624491609,0.3244485293679378,0.3368212672717431
1,0.02486485246789765,0.22767474472005714,0.3338376699563335,0.35322398245334624
