,loss,val_loss,acc,val_acc
0,0.007466196588083061,0.07392192455042866,0.32475961556329447,0.3776583716273308
1,0.0022872876215254056,0.01648900951939354,0.33397907204926014,0.31210407316684724
