,loss,val_loss,acc,val_acc
0,0.0068348943767584085,0.3017233125105876,0.24244087837837838,0.20219594594594595
1,0.0061101684932083605,0.29949792021844085,0.2624296171171171,0.3286036036036036
