,loss,val_loss,acc,val_acc
0,0.00803297581833126,0.31677415003100207,0.32880067636221144,0.3848536035029201
1,0.01139962540014699,0.3238847193570109,0.337288851583343,0.2774774786756114
