,loss,val_loss,acc,val_acc
0,0.017575656690103247,0.262104259662305,0.33341779240180514,0.2946509017130813
1,0.01602481991911289,0.1911784973549279,0.32591497742042347,0.34172297289242615
