,loss,val_loss,acc,val_acc
0,0.0038186557084173263,0.11628694511851584,0.2430837851593165,0.27427732611332484
1,0.0027500414949915976,0.01775562991957205,0.25040932713697356,0.3073622408073123
