,loss,val_loss,acc,val_acc
0,0.013616580948755785,0.09261070542118471,0.12393851902173914,0.133888134057971
1,0.017117798522214296,0.1119001478081623,0.12020210597826086,0.10495923913043478
