,loss,val_loss,acc,val_acc
0,0.0003012383479394829,0.41217817023888204,2.8183304210585648e-05,0.0
