,loss,val_loss,acc,val_acc
0,0.002992783070757067,0.271822223908345,2.8153153153153154e-05,0.0
1,0.003001775056596212,0.2148301290034585,2.8153153153153154e-05,0.0
