,loss,val_loss,acc,val_acc
0,0.0005121598094607259,0.46129768138519417,2.8146813780680027e-05,0.0
