,loss,val_loss,acc,val_acc
0,0.0019562208928948725,0.24458623238558527,0.497240990990991,0.4858671171171171
1,0.0023394338111814308,0.1807662106617008,0.5010416666666667,0.48440315315315313
