,loss,val_loss,acc,val_acc
0,0.0016004272299210982,0.015105050220697953,0.49925259476534295,0.5020870938628159
1,0.0018254287884498057,0.02790965481856897,0.5001692238267148,0.5143276173285198
