,loss,val_loss,acc,val_acc
0,0.0019021836545098144,0.3732819463144453,0.5000703828828829,0.4897522522522523
1,0.002017009019005457,0.3944504420014742,0.49900056306306306,0.4838400900900901
