,loss,val_loss,acc,val_acc
0,0.004468394081630565,0.04650474858780422,2.8203971119133575e-05,0.0
