,loss,val_loss,acc,val_acc
0,0.013113181126675994,0.00527200630892986,0.25076426630434784,0.2573596014492754
1,0.0010265836790495086,0.0058304333391445825,0.25043874547101447,0.275588768115942
