,loss,val_loss,acc,val_acc
0,0.0032707356658360992,0.003896775812397725,2.8153153572667827e-05,0.0
1,0.00042430588417995715,0.0017963099265478639,2.8153153572667827e-05,0.0
