,loss,val_loss,acc,val_acc
0,0.012134362525109481,0.3582166133518667,0.2609854467509025,0.19545351985559567
1,0.011605034242408826,0.3492117711479039,0.25366651624548736,0.19545351985559567
