,loss,val_loss,acc,val_acc
0,0.008612131328914812,0.24948133025377223,0.2672890342960289,0.19545351985559567
1,0.007590469060646568,0.2950998002224911,0.22544844314079424,0.28531137184115524
