,loss,val_loss,acc,val_acc
0,0.01086989268429833,0.14666025944737882,0.33699706093042714,0.3701966544495353
1,0.012909266713455807,0.17595659526207932,0.3266416141598285,0.28170207793576807
