,loss,val_loss,acc,val_acc
0,0.009427506108512479,0.42927328527733044,0.23697916666666666,0.20028153153153153
1,0.0053016569535569175,0.3941104953839582,0.24742398648648647,0.3268581081081081
