,loss,val_loss,acc,val_acc
0,0.006805168573312888,0.013841468635318039,0.12642946105072464,0.20318161231884058
1,0.003459627889993578,0.09072981824578745,0.13046308876811594,0.11871603260869565
