,loss,val_loss,acc,val_acc
0,0.00759041238007651,0.3088046705648883,0.34346796028880866,0.30522337545126355
1,0.007131894212502449,0.3084489738290023,0.3465421931407942,0.38983528880866425
