,loss,val_loss,acc,val_acc
0,0.011797497660200527,0.04977005016194256,0.24851661340533931,0.306114376817323
1,0.007026237093392594,0.03907016168145501,0.24757007230073214,0.2309561484505104
