,loss,val_loss,acc,val_acc
0,0.011588916320266159,0.252849746128556,0.24128334042675134,0.21456826383931726
1,0.06873946823743839,0.20197311023108755,0.25165291587951816,0.32058092244440994
