,loss,val_loss,acc,val_acc
0,0.0041097613037879765,0.1159436115560334,0.25268422193306533,0.2158679923490633
1,0.0049766616151241064,0.12140619862070189,0.2478808766537452,0.19721971074991587
