,loss,val_loss,acc,val_acc
0,0.0028880804638306105,0.3887312422235228,0.28375563063063064,0.3249436936936937
1,0.003055967495826227,0.38612405603677324,0.2827702702702703,0.3249436936936937
