,loss,val_loss,acc,val_acc
0,0.023208235223340607,0.07555798300035188,0.24926470592617989,0.1955316737294197
1,0.02337382105844667,0.18873366807614836,0.2536481900469345,0.19875565539388096
