,loss,val_loss,acc,val_acc
0,0.009230428020600812,0.18171716752438555,0.252961416967509,0.32355595667870035
1,0.01680511983075561,0.19069145498037657,0.2504794675090253,0.32355595667870035
