,loss,val_loss,acc,val_acc
0,0.026790354251611175,0.2632026378851413,0.27076295045045046,0.19521396396396395
1,0.008631482405432614,0.32596614771478793,0.2541244369369369,0.3093468468468468
