,loss,val_loss,acc,val_acc
0,0.0032516124186242434,0.20918047723949254,0.33493806306306306,0.27877252252252255
1,0.00673999115317103,0.32714092882466206,0.33772522522522525,0.36503378378378376
