,loss,val_loss,acc,val_acc
0,0.008246207608402296,0.05280420935201078,2.8153154621454508e-05,0.0
1,0.025864779829399175,0.19190630678378903,2.8153154621454508e-05,0.0
