,loss,val_loss,acc,val_acc
0,0.017648957037440422,0.04975920823023985,2.8254974138321756e-05,0.0
1,0.0034073213026986886,0.010409802870607207,2.8254974138321756e-05,0.0
