,loss,val_loss,acc,val_acc
0,0.00013083906516542896,0.4687617905055898,0.1781209527563489,0.21177994256433358
1,0.00014342837750603766,0.47179780752239925,0.1745312236049327,0.21177994256433358
