,loss,val_loss,acc,val_acc
0,0.0013108669872594634,0.3857407923655685,2.8153153153153154e-05,0.0
