,loss,val_loss,acc,val_acc
0,0.0002899825628434258,0.4517689659829371,2.8153153153153154e-05,0.0
