,loss,val_loss,acc,val_acc
0,0.003060946936743635,0.20457722895743582,2.8153153153153154e-05,0.0
