,loss,val_loss,acc,val_acc
0,0.004928580755417436,0.021222999416552382,0.22533118206521738,0.2179008152173913
1,0.005267210917868331,0.035992019972173446,0.2323935688405797,0.2870810688405797
