,loss,val_loss,acc,val_acc
0,0.00864407071987997,0.04329488152206582,1.4153079710144928e-05,5.661231884057971e-05
1,0.004357798168633092,0.03671037553494503,1.4153079710144928e-05,5.661231884057971e-05
2,0.003623689258690148,0.02096564332543125,1.4153079710144928e-05,5.661231884057971e-05
3,0.0021891377046365274,0.008508366645967897,1.4153079710144928e-05,5.661231884057971e-05
