,loss,val_loss,acc,val_acc
0,0.0010923977101136625,0.41790956666475515,0.5000563063063063,0.5106981981981982
1,0.0010142291445259422,0.4575588379004101,0.4993947072072072,0.5101351351351351
