,loss,val_loss,acc,val_acc
0,0.004585317396574844,0.09935186672456416,0.5013819945848376,0.5091944945848376
1,0.0028021283898247693,0.03953136356832419,0.5009589350180506,0.516245487364621
