,loss,val_loss,acc,val_acc
0,0.003605463986972098,0.4435454933183478,0.5003800675675676,0.49228603603603605
