,loss,val_loss,acc,val_acc
0,0.0012294983464813836,0.13052814646124986,0.33736756086564473,0.3823264201983769
1,0.022776692118855694,0.42433883855387355,0.3359445446348061,0.2627930568079351
