,loss,val_loss,acc,val_acc
0,0.004729429125389832,0.07034974132413761,0.17022058807684284,0.17958144803122697
1,0.0027864681604904745,0.06249537226444793,0.16101527159266613,0.12477375614157629
