,loss,val_loss,acc,val_acc
0,0.006069727412698868,0.1505276140047591,1.4101985559566788e-05,0.0
