,loss,val_loss,acc,val_acc
0,0.002064877230237381,0.25679564515686815,2.8153153153153154e-05,0.0
