,loss,val_loss,acc,val_acc
0,0.0041143857205192275,0.12689221852849025,0.5012268727436823,0.4885491877256318
1,0.00783133633042974,0.06745183505006522,0.4989423510830325,0.5155685920577617
