,loss,val_loss,acc,val_acc
0,0.00034956797975503574,0.42665981757108473,2.8142061124556764e-05,0.0
