,loss,val_loss,acc,val_acc
0,0.00037966291005792833,0.25659348786107866,2.8142061124556764e-05,0.0
1,0.0003854561457934895,0.16216403599868345,2.8142061124556764e-05,0.0
2,0.0005224688337302459,0.12095749414136052,2.8142061124556764e-05,0.0
3,0.0006218159291319634,0.10298731024142709,2.8142061124556764e-05,0.0
