,loss,val_loss,acc,val_acc
0,0.0021437524605816024,0.11179714519758646,0.12773085585585586,0.21188063063063062
1,0.00305906620355722,0.06759059072581229,0.12580236486486487,0.11171171171171171
