,loss,val_loss,acc,val_acc
0,0.0034717160238092156,0.00676793217185743,0.5008491847826086,0.5187386775362319
1,0.0021888073448294103,0.013060948473666676,0.49673063858695654,0.48811141304347827
