,loss,val_loss,acc,val_acc
0,0.004068123737664995,0.10969657949966274,1.4101985559566788e-05,0.0
