,loss,val_loss,acc,val_acc
0,0.010388639419587613,0.008249212862869752,0.2513870018115942,0.2882133152173913
1,0.002310330405779878,0.0041909472181388355,0.2557886096014493,0.24388586956521738
