,loss,val_loss,acc,val_acc
0,0.00018807188683594574,0.4609903477593719,0.4953424888838859,0.5090336016209828
1,0.00010021319450103008,0.45862017551333795,0.49521584960882536,0.5085833286429898
