,loss,val_loss,acc,val_acc
0,0.014380700784386136,0.013267631589743372,0.12498584692028986,0.17504528985507245
1,0.0017065972785886793,0.009097007557405353,0.12464617300724638,0.141700634057971
